{
    "modes": [
        {
            "index": 0,
            "strictly local log-evidence": -13.910057862215318,
            "strictly local log-evidence error": 0.08675730878668589,
            "local log-evidence": -13.910057862215318,
            "local log-evidence error": 0.08675730878668589,
            "mean": [
                1371.274100327479,
                0.03838538100165497,
                0.49393156855330317,
                0.20246042811446113,
                0.49892266199923757,
                0.3361297982066084,
                2.9001987329618664,
                3.2639915013838325,
                1.9155365932667732
            ],
            "sigma": [
                17.611650313482823,
                0.009217042385684176,
                0.17846160240668704,
                0.016900782123068885,
                0.04068559782383417,
                0.02832310830566115,
                0.2268248000245631,
                0.27555302824223016,
                0.1750543046191106
            ],
            "maximum": [
                1383.9466138612872,
                0.03481720854003635,
                0.5952724939725256,
                0.19219644922853427,
                0.4166283670611934,
                0.27140672692099593,
                3.32615424659485,
                2.901261824791072,
                1.803931145602982
            ],
            "maximum a posterior": [
                1383.9466138612872,
                0.03481720854003635,
                0.5952724939725256,
                0.19219644922853427,
                0.4166283670611934,
                0.27140672692099593,
                3.32615424659485,
                2.901261824791072,
                1.803931145602982
            ]
        }
    ],
    "nested sampling global log-evidence": -12.310768627381021,
    "nested sampling global log-evidence error": 0.13603399522242138,
    "global evidence": -13.910057862215318,
    "global evidence error": 0.08675730878668589,
    "nested importance sampling global log-evidence": -13.910057862215318,
    "nested importance sampling global log-evidence error": 0.08675730878668589,
    "marginals": [
        {
            "median": 1374.7948445330824,
            "sigma": 19.158179183711468,
            "1sigma": [
                1350.0722323565258,
                1388.3885907239487
            ],
            "2sigma": [
                1334.5601739192566,
                1398.8057132873735
            ],
            "3sigma": [
                1323.3406407869481,
                1415.0567300562825
            ],
            "5sigma": [
                1306.687638524521,
                1451.0981284427098
            ],
            "q75%": 1384.1567201992802,
            "q25%": 1359.2456872705422,
            "q99%": 1402.584865650178,
            "q01%": 1329.107813419379,
            "q90%": 1391.6192001618415,
            "q10%": 1344.9273278547967
        },
        {
            "median": 0.03795334162963042,
            "sigma": 0.008602873590427055,
            "1sigma": [
                0.02963553822779478,
                0.04684128540864889
            ],
            "2sigma": [
                0.02165337173274157,
                0.05907101714578001
            ],
            "3sigma": [
                0.014129794899576997,
                0.07459407884891726
            ],
            "5sigma": [
                0.0019490138040230394,
                0.11679152681506132
            ],
            "q75%": 0.04354980933996091,
            "q25%": 0.032482672773187185,
            "q99%": 0.06345245698923814,
            "q01%": 0.018505319760502095,
            "q90%": 0.050022289985228216,
            "q10%": 0.02717264622481612
        },
        {
            "median": 0.5606637533589498,
            "sigma": 0.1886162413196435,
            "1sigma": [
                0.26717888644683563,
                0.6444113690861226
            ],
            "2sigma": [
                0.06658545699562424,
                0.6961509223517064
            ],
            "3sigma": [
                0.002263064214355387,
                0.7490471133819648
            ],
            "5sigma": [
                8.059243096559956e-05,
                0.8041507898285732
            ],
            "q75%": 0.6241936190888293,
            "q25%": 0.4078362626274457,
            "q99%": 0.7166585705765638,
            "q01%": 0.02471264873385095,
            "q90%": 0.6602469466497928,
            "q10%": 0.19228811839988788
        },
        {
            "median": 0.2025062042958458,
            "sigma": 0.01654102240799342,
            "1sigma": [
                0.18586325492025269,
                0.21894529973623952
            ],
            "2sigma": [
                0.16897855415774227,
                0.23536044084540947
            ],
            "3sigma": [
                0.1479018366428359,
                0.2521140275356443
            ],
            "5sigma": [
                0.1302619392234157,
                0.268020155043888
            ],
            "q75%": 0.21335686609443222,
            "q25%": 0.19136714494069343,
            "q99%": 0.2413030209385525,
            "q01%": 0.16131003694710364,
            "q90%": 0.2241372320611051,
            "q10%": 0.18095461046348127
        },
        {
            "median": 0.4985361941837318,
            "sigma": 0.03993552995486932,
            "1sigma": [
                0.45874949943201815,
                0.5386205593417568
            ],
            "2sigma": [
                0.41704991636359073,
                0.5788993108709125
            ],
            "3sigma": [
                0.3700006673247644,
                0.6241368489425124
            ],
            "5sigma": [
                0.3572224737340719,
                0.6614560957274037
            ],
            "q75%": 0.5257227340269266,
            "q25%": 0.4727166554460262,
            "q99%": 0.5955583997543517,
            "q01%": 0.4037470012694845,
            "q90%": 0.5510594028481383,
            "q10%": 0.44832265528934206
        },
        {
            "median": 0.33584063236024897,
            "sigma": 0.028006108550560516,
            "1sigma": [
                0.30841149008284563,
                0.36442370718396666
            ],
            "2sigma": [
                0.27984790944317667,
                0.3913403944427883
            ],
            "3sigma": [
                0.24412254786357093,
                0.4310913065468878
            ],
            "5sigma": [
                0.22646262478098142,
                0.45452029027606533
            ],
            "q75%": 0.3546281611632925,
            "q25%": 0.31732683821073804,
            "q99%": 0.40112591908767575,
            "q01%": 0.2698547023603526,
            "q90%": 0.3723615930697046,
            "q10%": 0.30058692951418453
        },
        {
            "median": 2.896890277436186,
            "sigma": 0.2235355428112178,
            "1sigma": [
                2.675956179626805,
                3.123027265249241
            ],
            "2sigma": [
                2.4771440376912848,
                3.3779661689811142
            ],
            "3sigma": [
                2.1776455762831866,
                3.6657890712542636
            ],
            "5sigma": [
                1.7639233261293827,
                3.7895662452851666
            ],
            "q75%": 3.0469200302557615,
            "q25%": 2.743117295933693,
            "q99%": 3.446005693183473,
            "q01%": 2.381919520772348,
            "q90%": 3.1874680407980596,
            "q10%": 2.6170925069205735
        },
        {
            "median": 3.2738185871820806,
            "sigma": 0.27047726346103684,
            "1sigma": [
                2.9899805147124288,
                3.5309350416345024
            ],