{
    "modes": [
        {
            "index": 0,
            "strictly local log-evidence": -10.84582466789276,
            "strictly local log-evidence error": 0.07629995554190447,
            "local log-evidence": -10.84582466789276,
            "local log-evidence error": 0.07629995554190447,
            "mean": [
                1372.4090557279467,
                0.02249091047557271,
                0.4979913641630472,
                0.6054662419436002,
                0.6904295837694367,
                0.45877159549578367,
                2.666267996721978,
                3.3294511914813936,
                2.0134901641401926
            ],
            "sigma": [
                12.322709609043242,
                0.010002809070398935,
                0.11445645461015297,
                0.047815800956992706,
                0.04824594845238968,
                0.029055339685799514,
                0.24655936588646174,
                0.29515251754630345,
                0.18536133120865217
            ],
            "maximum": [
                1378.0271748318755,
                0.024025068469654257,
                0.5548086134735559,
                0.5439769608298244,
                0.6375140067819242,
                0.43397365863632287,
                2.330580514603217,
                3.3780844750848167,
                1.7401551338400967
            ],
            "maximum a posterior": [
                1378.0271748318755,
                0.024025068469654257,
                0.5548086134735559,
                0.5439769608298244,
                0.6375140067819242,
                0.43397365863632287,
                2.330580514603217,
                3.3780844750848167,
                1.7401551338400967
            ]
        }
    ],
    "nested sampling global log-evidence": -9.507046504457604,
    "nested sampling global log-evidence error": 0.13637196557837128,
    "global evidence": -10.84582466789276,
    "global evidence error": 0.07629995554190447,
    "nested importance sampling global log-evidence": -10.84582466789276,
    "nested importance sampling global log-evidence error": 0.07629995554190447,
    "marginals": [
        {
            "median": 1372.3742563684884,
            "sigma": 12.032774064961131,
            "1sigma": [
                1360.3703363822606,
                1384.4358845121828
            ],
            "2sigma": [
                1347.462791231256,
                1396.4147554952037
            ],
            "3sigma": [
                1332.0564187005307,
                1408.2341055011389
            ],
            "5sigma": [
                1314.740349149944,
                1441.003306974336
            ],
            "q75%": 1380.6163553854565,
            "q25%": 1364.6146555379676,
            "q99%": 1400.562628347634,
            "q01%": 1342.6200690157298,
            "q90%": 1387.7678864524182,
            "q10%": 1356.0092027629191
        },
        {
            "median": 0.02211477679255648,
            "sigma": 0.010275243543447415,
            "1sigma": [
                0.012249364374364963,
                0.03279985146125979
            ],
            "2sigma": [
                0.004401423201545901,
                0.04267128016733509
            ],
            "3sigma": [
                0.0005325762880814426,
                0.056537280497709265
            ],
            "5sigma": [
                0.00012144831018376948,
                0.09759881156659904
            ],
            "q75%": 0.02858099659987864,
            "q25%": 0.015485086241678324,
            "q99%": 0.04797692601054851,
            "q01%": 0.00204512320813946,
            "q90%": 0.03634844623478176,
            "q10%": 0.009640218130425423
        },
        {
            "median": 0.5181314070525568,
            "sigma": 0.09962364532961182,
            "1sigma": [
                0.39982916117206513,
                0.5990764518312888
            ],
            "2sigma": [
                0.18913297502082244,
                0.6605514307584294
            ],
            "3sigma": [
                0.027562041840758687,
                0.710802878276521
            ],
            "5sigma": [
                0.0008094095481928819,
                0.8045149671862534
            ],
            "q75%": 0.5762567251184335,
            "q25%": 0.44951392314772126,
            "q99%": 0.6755604843559947,
            "q01%": 0.11662409987262035,
            "q90%": 0.6197647399187475,
            "q10%": 0.34379184270652735
        },
        {
            "median": 0.6051841078265341,
            "sigma": 0.04754670035438752,
            "1sigma": [
                0.5580855750060648,
                0.6531789757148398
            ],
            "2sigma": [
                0.5078689355752429,
                0.6969328693277907
            ],
            "3sigma": [
                0.46343473666789253,
                0.7573082447003087
            ],
            "5sigma": [
                0.444689015841103,
                0.7907054607556736
            ],
            "q75%": 0.6388163705386796,
            "q25%": 0.5737106126892918,
            "q99%": 0.7141602703335556,
            "q01%": 0.49098510266827755,
            "q90%": 0.6660553104442811,
            "q10%": 0.5446081737824836
        },
        {
            "median": 0.6907286548869113,
            "sigma": 0.04673231056387306,
            "1sigma": [
                0.6434799606610068,
                0.7369445817887529
            ],
            "2sigma": [
                0.5970614163601315,
                0.7879290978668361
            ],
            "3sigma": [
                0.5379916096036544,
                0.8244776533070529
            ],
            "5sigma": [
                0.42063119122660736,
                0.873432645046017
            ],
            "q75%": 0.721396413354269,
            "q25%": 0.6586918789058162,
            "q99%": 0.8058401729650789,
            "q01%": 0.5737628380689838,
            "q90%": 0.7518728561160748,
            "q10%": 0.6297039973478487
        },
        {
            "median": 0.4583650021864555,
            "sigma": 0.02926553001439605,
            "1sigma": [
                0.42969326205410474,
                0.48822432208289684
            ],
            "2sigma": [
                0.4024796726722866,
                0.5174047141307413
            ],
            "3sigma": [
                0.36492993626622394,
                0.5490410506688641
            ],
            "5sigma": [
                0.30760478423977733,
                0.5908335194128684
            ],
            "q75%": 0.47691864070615003,
            "q25%": 0.4391440252481394,
            "q99%": 0.5274803136167899,
            "q01%": 0.39162647142734314,
            "q90%": 0.4967828050151006,
            "q10%": 0.42200318048124574
        },
        {
            "median": 2.6707194159044167,
            "sigma": 0.24061819143164143,
            "1sigma": [
                2.4246766164904585,
                2.9059129993537414
            ],
            "2sigma": [
                2.1565907177922288,
                3.1685419395173042
            ],
            "3sigma": [
                1.9177328449807167,
                3.443019303044969
            ],
            "5sigma": [
                1.661902448795156,
                3.58369130506845
            ],
            "q75%": 2.826453663635436,
            "q25%": 2.505492609064017,
            "q99%": 3.2722313127045966,
            "q01%": 2.0567249764855244,
            "q90%": 2.973522455852176,
            "q10%": 2.359167495626745
        },
        {
            "median": 3.332686536136405,
            "sigma": 0.2864169890533663,
            "1sigma": [
                3.042343649038344,
                3.615177627145077
            ],